subreddit,over18,subcount
PrequelMemes,False,376279
somethingimade,False,161673
RocketLeagueExchange,False,61421
politics,False,3591103
DankNation,False,15850
Portland,False,82790
jobs,False,152894
exjw,False,16854
oneplus,False,72116
longbeach,False,5975
WredditCountryClub,False,2564
Stargate,False,31664
mega64,False,6319
unitedkingdom,False,179541
NeutralPolitics,False,188752
wallstreetbets,False,201165
ShieldAndroidTV,False,7910
PewdiepieSubmissions,False,64552
TheMassive,False,3691
television,False,13978932
NoFapWomen,False,1313
epicthread,False,372
heroesofthestorm,False,185385
smashbros,False,241505
PickUpTorrents,null,null
